patient_id,z_risk_death,z_risk_hosp,z_risk_adr,z_fi_lab
10_AO San Pio,-0.276435456,0.928405115,0.890332375,1.196561892
10_AORN A. Cardarelli,0.073191551,0.556027721,-2.138019019,1.196561892
10_AORN Monaldi – Cotugno - C.T.O.,1.891840412,0.282365895,0.400160195,2.170635467
10_AORN San Giuseppe Moscati,-0.356087233,1.597014024,-0.23951274,-0.264548469
10_AORN Sant’Anna e San Sebastiano,-0.337761091,-0.222885094,0.123508601,-0.134671992
10_AOU San Giovanni di Dio Ruggi di Aragona,-0.322995691,0.203864673,0.861612094,-0.134671992
10_Ospedale del mare,-0.25223839,-0.51240983,0.649696115,-0.134671992
10_PO Andrea Tortora di Pagani,-0.213491534,0.371672404,2.203913073,-0.134671992
10_PO S. Maria delle Grazie,-0.034114297,0.533170565,-0.971267714,0.222488318
10_PO San Luca di Vallo della Lucania,-0.292561895,-0.320807068,-0.885640712,-1.72565883
11_AO San Pio,-0.278838231,-0.173868651,-0.878864002,0.709525105
11_AORN A. Cardarelli,-0.219401569,1.926768494,-0.188239105,-0.542855204
11_AORN Monaldi – Cotugno - C.T.O.,0.013517333,1.281330391,0.047499395,-0.751585256
11_AORN San Giuseppe Moscati,-0.291341015,-1.201899901,-0.315160512,-1.238622043
11_AORN Sant’Anna e San Sebastiano,-0.29516232,0.070057154,-0.779391505,-1.504278473
11_AOU San Giovanni di Dio Ruggi di Aragona,-0.279352997,1.652273506,1.177599831,-0.134671992
11_Ospedale del mare,-0.242159758,0.264674624,0.382421658,-0.134671992
11_PO Andrea Tortora di Pagani,-0.17372284,0.421699845,-1.458897931,2.037807252
11_PO S. Maria delle Grazie,-0.234282249,0.264506426,-0.074943834,2.170635467
11_PO San Luca di Vallo della Lucania,-0.099044564,-1.327640527,0.811290524,1.683598679
12_AO San Pio,-0.274437207,1.497786885,-0.940457387,-0.264548469
12_AORN Monaldi – Cotugno - C.T.O.,-0.305274454,0.990297506,2.14979438,-1.238622043
12_AORN San Giuseppe Moscati,-0.365611343,-0.388898684,1.738247614,-0.751585256
12_AORN Sant’Anna e San Sebastiano,-0.338996368,-0.41949374,-1.140760828,2.582743517
12_AOU San Giovanni di Dio Ruggi di Aragona,-0.301285592,-0.210878083,0.895230198,-0.134671992
12_Ospedale del mare,-0.246942587,-0.123049299,1.66871416,-0.134671992
12_PO Andrea Tortora di Pagani,-0.141425486,0.287721219,-0.684654163,-0.913930852
12_PO S. Maria delle Grazie,-0.274568876,-1.637540154,-0.318062011,-1.72565883
12_PO San Luca di Vallo della Lucania,-0.276022141,-1.526766812,1.42419429,-1.238622043
13_AO San Pio,-0.26678626,-0.613377107,-0.443872442,-0.751585256
13_AORN A. Cardarelli,-0.241133518,-0.013774334,2.010928957,-1.099468675
13_AORN Monaldi – Cotugno - C.T.O.,-0.246974098,1.595331082,1.260712915,0.222488318
13_AORN San Giuseppe Moscati,-0.329669988,0.096899262,0.568844993,-0.751585256
13_AORN Sant’Anna e San Sebastiano,-0.270814011,-0.038823936,0.097553925,-0.134671992
13_AOU San Giovanni di Dio Ruggi di Aragona,-0.238040093,-0.887351669,-0.511541914,-0.134671992
13_Ospedale del mare,-0.260426486,0.093474328,0.545763452,-0.134671992
13_PO Andrea Tortora di Pagani,-0.155171423,0.108024336,-1.135985911,-0.087444183
13_PO S. Maria delle Grazie,-0.223881434,-0.373636405,0.212726412,0.709525105
13_PO San Luca di Vallo della Lucania,-0.274978703,-0.58167429,1.728529861,-1.238622043
14_AO San Pio,-0.184732158,-0.431667259,-2.710352727,-0.264548469
14_AORN Monaldi – Cotugno - C.T.O.,1.233612348,0.836302124,-0.633900565,0.784453842
14_AORN San Giuseppe Moscati,-0.343318956,-1.610058386,-0.62722393,-0.264548469
14_AORN Sant’Anna e San Sebastiano,-0.337892121,-0.106230742,0.197323494,-0.795861328
14_AOU San Giovanni di Dio Ruggi di Aragona,-0.472713419,-0.792958022,-1.64987277,-0.134671992
14_Ospedale del mare,-0.259925822,1.686072004,-0.696052057,-0.134671992
14_PO Andrea Tortora di Pagani,-0.271176222,0.665125235,-0.480003894,-0.134671992
14_PO S. Maria delle Grazie,-0.186294921,0.068182393,-1.475759333,0.222488318
14_PO San Luca di Vallo della Lucania,-0.197240453,0.175367438,0.884388042,-1.013835834
15_AO San Pio,-0.333530084,0.793643908,-1.032380424,-0.134671992
15_AORN A. Cardarelli,3.901641292,1.52534023,-0.864351152,-0.134671992
15_AORN Monaldi – Cotugno - C.T.O.,-0.25917409,0.210385553,1.516810838,0.709525105
15_AORN San Giuseppe Moscati,-0.297844827,0.699634486,2.029867023,2.170635467
15_AORN Sant’Anna e San Sebastiano,-0.237182253,1.374169419,-0.210188341,-0.134671992
15_AOU San Giovanni di Dio Ruggi di Aragona,-0.305040543,0.000988474,0.796217508,-0.913930852
15_Ospedale del mare,-0.255649963,-0.02872123,0.324676977,-0.134671992
15_PO Andrea Tortora di Pagani,-0.193907194,-0.819986385,0.730654807,-0.134671992
15_PO S. Maria delle Grazie,-0.27337019,-1.382188585,1.624740128,1.683598679
15_PO San Luca di Vallo della Lucania,-0.089154613,1.164006937,1.528627909,-2.212695617
16_AO San Pio,-0.343031627,0.661858779,0.474431967,-0.264548469
16_AORN A. Cardarelli,-0.325660565,0.505849669,-1.93786279,1.126985208
16_AORN Monaldi – Cotugno - C.T.O.,-0.255729026,0.100686466,-0.573754737,-0.751585256
16_AORN San Giuseppe Moscati,-0.364938584,-0.709552687,0.415747524,-0.264548469
16_AORN San Giuseppe Moscatii,0.419525823,-0.709552687,0.415747524,-0.134671992
16_AOU San Giovanni di Dio Ruggi di Aragona,-0.311949829,-1.226930162,0.115404764,1.329390107
16_Ospedale del mare,-0.249263863,-0.290190158,0.137255573,-0.134671992
16_PO Andrea Tortora di Pagani,-0.20894662,-1.60976823,-0.887117383,-0.134671992
16_PO S. Maria delle Grazie,-0.085167004,-0.929472404,1.173913778,0.709525105
16_PO San Luca di Vallo della Lucania,-0.171096284,0.322444257,-0.891925569,-1.238622043
17_AO San Pio,-0.259032008,0.352710131,-0.639141344,0.709525105
17_AORN A. Cardarelli,1.060207686,2.889093235,1.205450115,3.910052563
17_AORN Monaldi – Cotugno - C.T.O.,-0.262868029,0.626515977,0.801766977,-0.654177899
17_AORN San Giuseppe Moscati,-0.368793183,-1.310918003,0.505568553,-0.751585256
17_AOU San Giovanni di Dio Ruggi di Aragona,-0.357317847,-1.796230346,-0.441520702,2.332981062
17_Ospedale del mare,-0.275676301,-0.994174514,1.005883924,-0.134671992
17_PO Andrea Tortora di Pagani,-0.165808377,-0.555362956,0.50879545,-0.913930852
17_PO S. Maria delle Grazie,-0.336762282,0.56476643,0.077014659,0.709525105
17_PO San Luca di Vallo della Lucania,-0.17167987,0.962849875,0.908223711,-0.134671992
18_AO San Pio,-0.216910769,0.040310262,0.444545162,-0.264548469
18_AORN A. Cardarelli,1.839103243,0.917492483,1.506462368,0.18502395
18_AORN Monaldi – Cotugno - C.T.O.,-0.204350718,-0.678672694,0.800932699,2.170635467
18_AORN San Giuseppe Moscati,-0.373478712,-0.777282336,0.408723017,-1.72565883
18_AOU San Giovanni di Dio Ruggi di Aragona,-0.332446946,0.398075349,-0.295901771,-0.134671992
18_Ospedale del mare,-0.251644897,-0.382270161,0.833513388,-0.134671992
18_PO Andrea Tortora di Pagani,-0.148156507,0.339397944,-0.631539817,-0.795861328
18_PO S. Maria delle Grazie,-0.287534128,-0.670008363,1.376877036,0.222488318
18_PO San Luca di Vallo della Lucania,-0.234009817,-0.576750523,1.19497214,-1.72565883
19_AO San Pio,-0.27176131,-0.503662909,0.279348211,0.709525105
19_AORN A. Cardarelli,-0.340113253,1.916599141,1.796432209,1.034216297
19_AORN Monaldi – Cotugno - C.T.O.,-0.101625372,-0.718259104,0.504037129,0.222488318
19_AORN San Giuseppe Moscati,-0.32930242,0.425911766,0.399133562,0.709525105
19_AOU San Giovanni di Dio Ruggi di Aragona,-0.363753603,-1.56877472,-0.030203775,-0.134671992
19_Ospedale del mare,-0.327740417,0.930640823,0.726645477,-0.134671992
19_PO Andrea Tortora di Pagani,-0.263528792,-0.390020788,-0.092328062,-1.656082146
19_PO S. Maria delle Grazie,-0.187790376,0.391052997,-0.403831519,-0.264548469
19_PO San Luca di Vallo della Lucania,-0.273437908,0.499236172,0.346520424,-1.238622043
1_AO San Pio,-0.298993249,0.9916658,1.456374313,1.196561892
1_AORN A. Cardarelli,-0.246823593,1.116459679,-0.134808154,0.570371738
1_AORN Monaldi – Cotugno - C.T.O.,-0.27259796,1.095107804,-0.596515078,-0.414405942
1_AORN San Giuseppe Moscati,-0.170141994,-0.646445692,0.466302299,-0.751585256
1_AORN Sant’Anna e San Sebastiano,1.505018439,0.8929072,-0.997189789,-0.134671992
1_AOU San Giovanni di Dio Ruggi di Aragona,-0.209428796,0.96403039,-0.301193635,1.383883734
1_Ospedale del mare,-0.258199462,-2.13691035,-1.727246851,-0.134671992
1_PO Andrea Tortora di Pagani,-0.252239419,0.016869761,-0.229481974,-0.913930852
1_PO S. Maria delle Grazie,-0.337085533,-1.018976315,0.069419341,-0.264548469
1_PO San Luca di Vallo della Lucania,-0.28407595,-0.521935777,0.939239404,-0.134671992
20_AO San Pio,-0.269728611,-0.834870512,-0.621235763,-0.264548469
20_AORN A. Cardarelli,-0.288339924,1.985695738,1.357771744,1.126985208
20_AORN Monaldi – Cotugno - C.T.O.,-0.247322962,-0.02624495,-0.557101839,0.709525105
20_AORN San Giuseppe Moscati,-0.377222204,-0.101110471,-0.516501663,-0.751585256
20_AOU San Giovanni di Dio Ruggi di Aragona,-0.223766879,-0.284517779,-0.944807971,-0.134671992
20_Ospedale del mare,-0.34794605,-1.278489361,-1.224206421,-0.134671992
20_PO Andrea Tortora di Pagani,-0.161424423,0.842567006,-1.019381393,-0.264548469
20_PO San Luca di Vallo della Lucania,-0.213447069,0.649632416,0.680054957,-1.238622043
21_AORN A. Cardarelli,0.630207017,0.139102764,-2.067217906,3.182173409
21_AORN Monaldi – Cotugno - C.T.O.,-0.260867358,-0.933448721,-0.299809136,-1.173683805
21_AORN San Giuseppe Moscati,-0.321563263,-1.460125954,1.507535264,-0.264548469
21_AOU San Giovanni di Dio Ruggi di Aragona,-0.293097711,-0.219232694,-0.76078458,-0.134671992
21_Ospedale del mare,-0.325665834,-0.47052784,0.578215509,-0.134671992
21_PO Andrea Tortora di Pagani,-0.131435953,-0.524463148,0.082348022,0.784453842
21_PO S. Maria delle Grazie,-0.376843352,0.341085462,0.295031273,-1.72565883
21_PO San Luca di Vallo della Lucania,-0.242696268,0.075136475,0.362141879,-2.212695617
22_AORN A. Cardarelli,3.541930402,-0.86776018,0.535879821,0.784453842
22_AORN Monaldi – Cotugno - C.T.O.,-0.27359189,1.097147568,0.878336044,-1.563313235
22_AORN San Giuseppe Moscati,-0.316379805,-3.359771961,0.589074867,0.222488318
22_AOU San Giovanni di Dio Ruggi di Aragona,-0.339288119,0.216811817,0.209382756,1.329390107
22_Ospedale del mare,7.280844726,0.688114178,-0.773740084,-0.134671992
22_PO S. Maria delle Grazie,-0.167337018,-1.295706776,1.782627021,-0.751585256
22_PO San Luca di Vallo della Lucania,-0.256929828,-0.385592292,0.026707984,-1.173683805
23_AORN A. Cardarelli,0.080088053,-0.00958941,-1.036013465,3.182173409
23_AORN Monaldi – Cotugno - C.T.O.,0.241563317,-0.032888662,1.001563307,-1.72565883
23_AORN San Giuseppe Moscati,-0.346987678,-1.366527492,1.507706144,-0.751585256
23_AOU San Giovanni di Dio Ruggi di Aragona,-0.3570864,-0.583825368,-0.342248699,-0.134671992
23_Ospedale del mare,-0.223511063,-0.052165237,0.350981101,-0.134671992
23_PO Andrea Tortora di Pagani,-0.169047663,-0.500787515,1.500330147,-1.099468675
23_PO S. Maria delle Grazie,-0.305673734,-0.242266344,-2.488748067,0.709525105
23_PO San Luca di Vallo della Lucania,-0.150334619,0.818358324,-0.076408102,-1.238622043
24_AORN A. Cardarelli,1.318007567,2.732597805,0.817951972,0.384833914
24_AORN Monaldi – Cotugno - C.T.O.,0.334809804,-0.220325332,-0.50549782,-0.134671992
24_AORN San Giuseppe Moscati,-0.30880841,1.234334929,-0.494943025,-0.264548469
24_AOU San Giovanni di Dio Ruggi di Aragona,-0.329453485,-0.443445834,-1.290229666,-0.134671992
24_Ospedale del mare,-0.168477444,-0.243652936,-0.182081253,-0.134671992
24_PO Andrea Tortora di Pagani,-0.060285562,1.262778456,-0.150479491,0.384833914
24_PO S. Maria delle Grazie,-0.190351733,-1.055756165,-0.9601885,1.196561892
24_PO San Luca di Vallo della Lucania,-0.204174903,-0.09562771,0.403536372,-1.238622043
25_AORN A. Cardarelli,0.143580957,1.407171897,1.353559726,0.384833914
25_AORN Monaldi – Cotugno - C.T.O.,-0.178830916,-0.506598681,-0.239117443,-0.264548469
25_AORN San Giuseppe Moscati,-0.385839673,0.222661903,-0.638919065,-0.751585256
25_AOU San Giovanni di Dio Ruggi di Aragona,-0.28084558,-1.526720465,0.296590358,-0.134671992
25_AOU San Giovanni di Dio Ruggi di Aragonaa,-0.351970353,-1.526720465,0.296590358,-0.134671992
25_Ospedale del mare,-0.226008906,0.869004152,-0.140921726,-0.134671992
25_PO Andrea Tortora di Pagani,-0.303472686,-0.241079596,-0.601972986,-0.087444183
25_PO S. Maria delle Grazie,-0.246227881,-0.558907471,-0.660844784,-0.134671992
25_PO San Luca di Vallo della Lucania,-0.285766691,0.827324692,0.334486049,-2.212695617
26_AORN A. Cardarelli,2.369544012,-1.476218973,-0.8556892,1.983313625
26_AORN Monaldi – Cotugno - C.T.O.,-0.241165541,-1.724260202,0.352366,-0.134671992
26_AORN San Giuseppe Moscati,-0.332135849,-0.311761596,2.213730488,-1.238622043
26_AOU San Giovanni di Dio Ruggi di Aragona,-0.339414609,1.277946245,-1.415017755,-0.134671992
26_Ospedale del mare,-0.247174713,-0.516835307,2.159721896,-0.134671992
26_PO Andrea Tortora di Pagani,-0.152951335,0.766147834,1.575261745,-0.134671992
26_PO S. Maria delle Grazie,-0.32385163,-0.925457768,-1.351593356,1.196561892
26_PO San Luca di Vallo della Lucania,-0.214468104,-0.372290683,1.075840459,-1.238622043
27_AORN A. Cardarelli,-0.189268786,-1.988108413,1.243824617,1.683598679
27_AORN San Giuseppe Moscati,-0.336289393,-0.668911993,-0.78999919,-1.238622043
27_AOU San Giovanni di Dio Ruggi di Aragona,-0.297604721,-0.142255856,-0.654368025,-0.134671992
27_Ospedale del mare,-0.269024939,0.259889745,1.08879518,-0.134671992
27_PO Andrea Tortora di Pagani,-0.213550113,0.444412605,0.516511852,1.329390107
27_PO S. Maria delle Grazie,-0.173232697,0.232144892,-2.009618721,0.384833914
27_PO San Luca di Vallo della Lucania,1.300382461,-1.800355603,2.110380507,-0.134671992
28_AORN A. Cardarelli,0.336539011,-0.70835264,-0.628672242,1.683598679
28_AORN San Giuseppe Moscati,-0.307941141,0.765385293,-0.000972776,1.196561892
28_AOU San Giovanni di Dio Ruggi di Aragona,-0.352387491,-0.472833496,0.411350512,-0.134671992
28_Ospedale del mare,-0.246831683,-0.380872411,-0.510900382,-0.134671992
28_PO Andrea Tortora di Pagani,-0.199582348,-0.141283171,0.472176337,-1.563313235
28_PO S. Maria delle Grazie,-0.308939826,-0.035413569,-2.360382784,2.796825621
28_PO San Luca di Vallo della Lucania,-0.088997332,-0.200392068,0.345472302,-1.563313235
29_AORN A. Cardarelli,1.621308454,2.302409062,1.072569057,1.983313625
29_AORN San Giuseppe Moscati,-0.281925362,0.175879443,-0.34388625,1.196561892
29_AOU San Giovanni di Dio Ruggi di Aragona,-0.346728717,-0.636138331,-0.288455977,-0.134671992
29_Ospedale del mare,-0.252749368,-0.771667742,-0.306565193,-0.134671992
29_PO Andrea Tortora di Pagani,-0.124938549,0.395231969,0.012973556,-0.134671992
29_PO S. Maria delle Grazie,-0.314012095,-2.09697508,0.165660783,0.222488318
29_PO San Luca di Vallo della Lucania,-0.252883818,0.157524397,0.947455028,-1.238622043
2_AO San Pio,-0.28230359,0.936663498,1.612824051,1.196561892
2_AORN A. Cardarelli,-0.178322203,-1.032712161,0.351266806,0.570371738
2_AORN Monaldi – Cotugno - C.T.O.,-0.151588815,0.904672585,-0.964888856,0.013758267
2_AORN San Giuseppe Moscati,0.605640498,-0.342060162,0.098831651,-1.238622043
2_AORN San Giuseppe Moscatii,0.605640498,-0.342060162,0.098831651,-0.134671992
2_AORN Sant’Anna e San Sebastiano,-0.226352409,-0.136995527,-0.575463918,1.683598679
2_AOU San Giovanni di Dio Ruggi di Aragona,-0.319968467,0.572350246,1.330180245,-0.134671992
2_Ospedale del mare,0.593392437,-0.622785425,-1.761767083,-0.134671992
2_PO Andrea Tortora di Pagani,-0.203560755,0.033290604,0.674273633,0.384833914
2_PO S. Maria delle Grazie,-0.256807837,0.893037083,-0.373482234,0.222488318
2_PO San Luca di Vallo della Lucania,-0.200958415,-0.663429637,0.549610564,-0.264548469
30_AORN A. Cardarelli,-0.212295945,1.750209065,2.056959083,0.90433982
30_AORN San Giuseppe Moscati,-0.37683485,0.76653925,-0.482906077,-0.264548469
30_AOU San Giovanni di Dio Ruggi di Aragona,-0.365768103,-1.467305363,-1.169229371,-0.134671992
30_Ospedale del mare,-0.250192118,-0.92657658,-0.837915539,-0.134671992
30_PO Andrea Tortora di Pagani,-0.315970475,-2.505454217,-0.749568063,-0.134671992
30_PO S. Maria delle Grazie,-0.323267742,0.004366402,-1.363836594,-1.72565883
30_PO San Luca di Vallo della Lucania,-0.297749479,-0.796869817,-0.072322046,-0.751585256
31_AORN A. Cardarelli,-0.284020876,-0.33324379,0.330527372,-0.542855204
31_AOU San Giovanni di Dio Ruggi di Aragona,-0.385250991,-1.897960283,1.756502948,0.620972962
31_Ospedale del mare,-0.274422603,0.212376943,0.137347786,-0.134671992
31_PO Andrea Tortora di Pagani,-0.259805213,-0.219635917,-1.249956564,-0.134671992
31_PO S. Maria delle Grazie,-0.169002819,0.308336366,0.358616863,-0.654177899
31_PO San Luca di Vallo della Lucania,-0.351865622,-1.020709985,0.032994268,-0.654177899
32_AORN A. Cardarelli,-0.345441711,0.243380801,-1.876834986,1.683598679
32_AOU San Giovanni di Dio Ruggi di Aragona,-0.306088573,0.176943669,0.02132402,-0.134671992
32_Ospedale del mare,-0.251154593,-0.363534901,0.561814424,-0.134671992
32_PO Andrea Tortora di Pagani,-0.234813536,0.855354308,-0.142176639,-0.134671992
32_PO S. Maria delle Grazie,-0.229725864,-0.341390285,-0.573006072,-1.238622043
32_PO San Luca di Vallo della Lucania,-0.297758897,-0.805890144,0.739563537,-2.212695617
33_AORN A. Cardarelli,-0.084774322,-0.33683756,0.575802597,1.126985208
33_AOU San Giovanni di Dio Ruggi di Aragona,0.086015682,-1.654197666,-0.724219993,-0.134671992
33_Ospedale del mare,-0.273255055,1.505391164,0.392292991,-0.134671992
33_PO Andrea Tortora di Pagani,-0.248770722,1.12473478,0.479233597,-0.134671992
33_PO S. Maria delle Grazie,-0.204720196,-0.496587263,-1.313644994,-0.134671992
33_PO San Luca di Vallo della Lucania,-0.093940838,0.063203373,0.548518283,0.222488318
34_AORN A. Cardarelli,-0.228478035,1.664114852,-0.09676846,0.90433982
34_AOU San Giovanni di Dio Ruggi di Aragona,-0.381525083,0.258044506,-0.061986204,-0.134671992
34_Ospedale del mare,-0.248564085,0.759269576,0.839604199,-0.134671992
34_PO Andrea Tortora di Pagani,-0.208970042,1.473364566,-0.578956694,2.982363445
34_PO S. Maria delle Grazie,-0.28023609,0.325486922,1.716124636,-1.238622043
34_PO San Luca di Vallo della Lucania,-0.127825888,1.033933074,0.20423755,-0.087444183
35_AORN A. Cardarelli,-0.291508127,0.817233741,1.281754806,-0.414405942
35_AOU San Giovanni di Dio Ruggi di Aragona,-0.359986993,0.190788402,-1.761092381,3.454641542
35_Ospedale del mare,-0.246111551,1.285076968,-0.145498233,-0.134671992
35_PO Andrea Tortora di Pagani,-0.333880526,1.868605827,0.591744937,1.126985208
35_PO S. Maria delle Grazie,-0.040477719,-0.526677981,-0.8587057,-0.134671992
35_PO San Luca di Vallo della Lucania,-0.22531396,-1.10419848,-0.414152155,0.013758267
36_AORN A. Cardarelli,0.207391926,0.173527952,0.690874919,0.784453842
36_AOU San Giovanni di Dio Ruggi di Aragona,-0.328089954,-2.301869874,3.248937427,-0.134671992
36_Ospedale del mare,-0.28276593,1.329077021,0.313305903,-0.134671992
36_PO S. Maria delle Grazie,-0.295232899,0.804365152,-1.159622742,-1.72565883
36_PO San Luca di Vallo della Lucania,-0.272329609,0.589758636,-0.022055981,0.222488318
37_AORN A. Cardarelli,0.443920806,0.174481995,-0.726013369,0.784453842
37_AOU San Giovanni di Dio Ruggi di Aragona,-0.39585591,-1.037707173,0.687653506,-0.134671992
37_PO S. Maria delle Grazie,-0.274292851,-0.276490751,-0.110504363,0.709525105
37_PO San Luca di Vallo della Lucania,-0.248063268,0.190289668,-0.11367499,0.709525105
38_AORN A. Cardarelli,1.943851134,0.565941024,-0.886293393,0.570371738
38_AOU San Giovanni di Dio Ruggi di Aragona,-0.368575525,0.538037508,0.471477429,-0.134671992
38_PO S. Maria delle Grazie,-0.288135479,-0.938829293,-1.052981366,-1.238622043
39_AOU San Giovanni di Dio Ruggi di Aragona,-0.366752044,1.663802329,-0.741857452,-0.134671992
39_PO S. Maria delle Grazie,-0.120572887,-1.925458451,0.135549296,0.222488318
3_AO San Pio,-0.229353777,-0.636451391,1.74935458,-1.238622043
3_AORN A. Cardarelli,-0.210356163,-0.267933411,-0.126635701,0.570371738
3_AORN Monaldi – Cotugno - C.T.O.,0.099866915,0.176003651,1.020689245,0.013758267
3_AORN San Giuseppe Moscati,-0.20405733,-0.151368723,-1.644239125,-0.264548469
3_AORN Sant’Anna e San Sebastiano,-0.355334163,0.290940273,-1.283036731,0.013758267
3_AOU San Giovanni di Dio Ruggi di Aragona,-0.281248301,0.143533075,0.287447907,-0.134671992
3_Ospedale del mare,0.453846501,0.882344641,-0.758158963,-0.134671992
3_PO Andrea Tortora di Pagani,-0.365087747,0.623626695,0.435243091,-1.504278473
3_PO S. Maria delle Grazie,-0.29381783,0.379109103,-1.536847397,-0.134671992
3_PO San Luca di Vallo della Lucania,-0.217335315,-1.070926113,1.459513665,0.709525105
40_AORN A. Cardarelli,2.537766293,0.232338139,-0.244206388,0.90433982
40_AOU San Giovanni di Dio Ruggi di Aragona,-0.331289734,-0.445624052,0.742245337,-0.134671992
40_PO S. Maria delle Grazie,-0.234660378,-1.247439207,-0.015785871,1.196561892
41_AORN A. Cardarelli,-0.087714238,0.775081752,2.528678438,0.18502395
41_AOU San Giovanni di Dio Ruggi di Aragona,-0.241497789,-0.87936404,-0.91329503,-0.134671992
41_PO S. Maria delle Grazie,-0.207630291,-0.70125715,0.429060578,-0.264548469
42_AORN A. Cardarelli,-0.194870169,1.50452559,-0.557705011,-0.414405942
42_AOU San Giovanni di Dio Ruggi di Aragona,-0.366942754,-0.672923174,-0.999516084,0.620972962
42_PO S. Maria delle Grazie,-0.197200398,0.485564928,1.006275253,0.222488318
43_AORN A. Cardarelli,-0.276249859,1.10350509,0.491795912,0.90433982
43_AOU San Giovanni di Dio Ruggi di Aragona,-0.344566711,-1.959969429,-0.390765388,-0.134671992
43_PO S. Maria delle Grazie,-0.231990955,0.562825492,0.524221438,0.709525105
44_AORN A. Cardarelli,0.212079674,0.216986763,-0.464986823,1.423845726
44_AOU San Giovanni di Dio Ruggi di Aragona,-0.371654616,-1.252312219,-0.999800622,-0.134671992
44_PO S. Maria delle Grazie,-0.320089632,-1.371548269,0.382119318,-0.751585256
45_AORN A. Cardarelli,0.629804194,1.298130678,-0.268934134,2.24021215
45_AOU San Giovanni di Dio Ruggi di Aragona,-0.361611639,-0.604738096,-1.253318793,-0.134671992
45_PO S. Maria delle Grazie,-0.258272433,0.979221999,-0.814407908,-0.654177899
46_AORN A. Cardarelli,5.520329978,1.353854379,-0.995734975,-0.264548469
46_PO S. Maria delle Grazie,-0.32667269,0.177463913,-2.150743156,0.222488318
47_AORN A. Cardarelli,6.423103955,0.616861084,-0.521891282,-0.414405942
47_AOU San Giovanni di Dio Ruggi di Aragona,-0.317179887,-1.373979275,0.299440583,-0.134671992
47_PO S. Maria delle Grazie,-0.361986553,-1.090338984,-1.173647838,0.384833914
48_AORN A. Cardarelli,0.439629529,-0.106427217,0.016948966,-0.134671992
48_AOU San Giovanni di Dio Ruggi di Aragona,-0.390529186,-0.312748154,0.17686276,-0.134671992
48_PO S. Maria delle Grazie,2.862997056,-0.654217503,-1.648603695,-0.264548469
49_AORN A. Cardarelli,0.368352658,1.084761596,0.650429052,-0.087444183
49_AOU San Giovanni di Dio Ruggi di Aragona,-0.370136367,-0.045430835,-0.704332305,-0.134671992
49_PO S. Maria delle Grazie,-0.013844826,0.244396201,-0.533831749,-0.134671992
4_AO San Pio,-0.276366051,1.178918748,1.15974787,0.222488318
4_AORN A. Cardarelli,-0.16581935,0.159466693,0.124065167,-0.913930852
4_AORN Monaldi – Cotugno - C.T.O.,-0.203480757,-1.40776513,1.939595482,0.784453842
4_AORN San Giuseppe Moscati,-0.274491658,-0.138782991,-1.096931023,-0.264548469
4_AORN Sant’Anna e San Sebastiano,-0.139030028,-1.068655638,-0.645924893,0.620972962
4_AOU San Giovanni di Dio Ruggi di Aragona,-0.177008258,-0.684355828,0.008971317,-2.212695617
4_Ospedale del mare,-0.268372399,1.126100997,0.913543859,-0.134671992
4_PO Andrea Tortora di Pagani,-0.293156387,0.458121371,-0.755239548,-0.134671992
4_PO S. Maria delle Grazie,-0.25323487,-1.770800075,0.56750285,0.222488318
4_PO San Luca di Vallo della Lucania,-0.246240639,0.308692623,1.075522221,-0.264548469
50_AORN A. Cardarelli,-0.349789337,0.484562265,0.00627244,-0.542855204
50_PO S. Maria delle Grazie,-0.034226384,-2.268688364,1.693716234,0.013758267
51_AORN A. Cardarelli,0.598340215,1.978470429,-0.339329595,2.332981062
51_AOU San Giovanni di Dio Ruggi di Aragona,-0.372963392,-0.142377685,-0.751380588,-0.134671992
51_PO S. Maria delle Grazie,-0.214648079,0.026426031,-0.618376801,-0.751585256
52_AORN A. Cardarelli,2.409534411,2.049288729,0.641183815,2.332981062
52_PO S. Maria delle Grazie,-0.256142481,-0.571382021,0.250300559,-0.751585256
53_AORN A. Cardarelli,-0.271375512,1.027912276,-0.057237759,-0.795861328
53_AOU San Giovanni di Dio Ruggi di Aragona,-0.352104747,-2.396221692,0.857413001,-0.264548469
53_PO S. Maria delle Grazie,0.292953371,-2.220080836,-1.900813323,0.222488318
54_AORN A. Cardarelli,-0.258655424,2.223862784,-0.74848765,-0.134671992
54_PO S. Maria delle Grazie,-0.223307221,-1.982019841,-1.317129591,0.222488318
55_AORN A. Cardarelli,3.766426855,0.649874763,0.224823733,0.013758267
55_AOU San Giovanni di Dio Ruggi di Aragona,-0.356027751,1.670075406,-0.933465229,-0.134671992
55_PO S. Maria delle Grazie,-0.039487446,-0.615878934,-0.164049458,0.709525105
56_AORN A. Cardarelli,6.793792175,1.86122227,-0.100741672,0.013758267
56_AOU San Giovanni di Dio Ruggi di Aragona,-0.349814801,1.280813577,-1.018398885,-0.134671992
56_PO S. Maria delle Grazie,0.202680603,0.392241553,-0.481071468,-1.238622043
57_AORN A. Cardarelli,2.536365088,1.044647168,0.389398733,0.570371738
57_AOU San Giovanni di Dio Ruggi di Aragona,-0.370994665,-0.264760466,-0.988467697,0.620972962
57_PO S. Maria delle Grazie,-0.266226991,0.258165992,-0.631896555,-0.751585256
58_AORN A. Cardarelli,-0.241362813,1.378271515,0.191387511,0.784453842
58_AOU San Giovanni di Dio Ruggi di Aragona,-0.373944019,0.628063319,-0.361409982,-0.913930852
58_PO S. Maria delle Grazie,-0.194317304,-0.858421011,-0.043360136,-1.72565883
59_AORN A. Cardarelli,1.21570984,0.871243365,1.652660279,0.18502395
59_PO S. Maria delle Grazie,0.031953262,1.627093679,-1.965402106,-0.264548469
5_AO San Pio,-0.262953245,1.349674707,0.95705783,-0.264548469
5_AORN A. Cardarelli,-0.236354731,0.857013271,0.891635043,-0.542855204
5_AORN Monaldi – Cotugno - C.T.O.,-0.295795511,-0.01731455,-0.052473603,-0.751585256
5_AORN San Giuseppe Moscati,-0.331606323,-0.336932984,0.76995613,-0.751585256
5_AORN Sant’Anna e San Sebastiano,1.133750652,-1.375385855,-0.236283884,-0.134671992
5_AOU San Giovanni di Dio Ruggi di Aragona,-0.346530114,0.276022945,1.147552008,-0.134671992
5_Ospedale del mare,-0.305635101,0.525614078,0.901323872,-0.134671992
5_PO Andrea Tortora di Pagani,-0.292349784,-0.499303812,-0.751674548,2.746224397
5_PO S. Maria delle Grazie,-0.333431811,0.008631083,-1.519546251,0.709525105
5_PO San Luca di Vallo della Lucania,-0.190988455,-0.919318829,0.388219809,-0.134671992
60_AORN A. Cardarelli,0.365807143,0.79224582,0.790653246,-0.134671992
60_AOU San Giovanni di Dio Ruggi di Aragona,-0.352367611,0.002835403,0.283915193,2.796825621
60_PO S. Maria delle Grazie,-0.168242321,-0.248049856,-0.275383114,-1.238622043
61_AOU San Giovanni di Dio Ruggi di Aragona,-0.354683167,1.229595762,-1.160930421,-0.795861328
61_PO S. Maria delle Grazie,-0.289554654,-0.120631987,-1.679585032,-1.238622043
62_AORN A. Cardarelli,9.672627348,1.486075045,0.223182344,1.329390107
62_PO S. Maria delle Grazie,-0.29266801,-1.202811499,-2.364106392,-0.264548469
63_AORN A. Cardarelli,-0.310874186,-0.481503743,-1.163614526,-0.134671992
63_PO S. Maria delle Grazie,-0.312174061,-0.575905061,-0.536814298,-0.134671992
64_AORN A. Cardarelli,3.000553249,-0.066634842,1.484238747,1.126985208
64_AOU San Giovanni di Dio Ruggi di Aragona,-0.36482739,0.216837069,-0.214608593,-0.913930852
64_PO S. Maria delle Grazie,-0.269873763,-0.796867001,-0.891416919,0.222488318
65_AORN A. Cardarelli,-0.029453555,0.737701138,1.319845601,1.423845726
65_AOU San Giovanni di Dio Ruggi di Aragona,-0.337777826,-0.074805788,-0.115686107,-0.134671992
65_PO S. Maria delle Grazie,-0.298574818,0.339666429,-1.331748924,-1.173683805
66_AORN A. Cardarelli,0.010493685,-0.287562837,-0.57918396,-0.134671992
66_AOU San Giovanni di Dio Ruggi di Aragona,-0.350637371,0.53382837,0.712551748,-0.134671992
66_PO S. Maria delle Grazie,-0.075447246,-1.395864991,-0.973360096,-1.238622043
67_PO S. Maria delle Grazie,-0.040768131,-0.251205875,-0.344622744,-0.134671992
68_AORN A. Cardarelli,-0.348931856,2.978628653,-0.56168429,3.182173409
68_PO S. Maria delle Grazie,-0.247263374,1.163767114,0.048444898,2.796825621
69_AORN A. Cardarelli,-0.355973504,0.243521117,-0.858910374,-1.563313235
69_PO S. Maria delle Grazie,-0.265357129,-1.045980053,-0.100142492,-0.134671992
6_AO San Pio,-0.318620597,0.409040081,0.268064983,-0.087444183
6_AORN A. Cardarelli,-0.28952526,-0.854963404,-1.646713826,-0.795861328
6_AORN Monaldi – Cotugno - C.T.O.,-0.213566204,-0.423453949,0.36604928,-0.751585256
6_AORN San Giuseppe Moscati,-0.332713449,-1.880245112,-0.372720499,-0.751585256
6_AORN Sant’Anna e San Sebastiano,-0.220691766,-0.562176088,0.458474924,2.24021215
6_AOU San Giovanni di Dio Ruggi di Aragona,-0.319266185,-0.893129807,-1.235366873,-0.087444183
6_Ospedale del mare,-0.321432183,1.005542623,-0.534023003,-0.134671992
6_PO Andrea Tortora di Pagani,-0.273209854,0.795466877,1.386483883,0.013758267
6_PO San Luca di Vallo della Lucania,-0.244687423,0.874619784,0.784325659,-0.751585256
70_AORN A. Cardarelli,-0.211581179,0.682537347,0.491490896,-0.134671992
70_PO S. Maria delle Grazie,-0.207054051,-0.954710198,-0.150026311,-0.264548469
71_AORN A. Cardarelli,-0.021280065,-2.822744951,-2.487348835,-0.264548469
72_AORN A. Cardarelli,-0.112132277,1.355464996,-0.773197087,1.423845726
73_AORN A. Cardarelli,-0.351952006,-1.578266826,-0.692925499,0.18502395
74_AORN A. Cardarelli,-0.055378988,0.124872705,-0.127253993,-1.656082146
75_AORN A. Cardarelli,-0.348389716,1.025418878,0.062275655,-1.613265726
76_AORN A. Cardarelli,1.250203661,1.350477735,0.83623998,-0.414405942
77_AORN A. Cardarelli,0.603034099,-0.308868801,-0.712500382,-0.414405942
78_AORN A. Cardarelli,0.300071787,1.123108121,-1.776325391,-0.414405942
79_AORN A. Cardarelli,-0.227632425,0.59088584,1.960805576,0.013758267
7_AO San Pio,-0.282880903,-0.501187267,0.170099522,0.222488318
7_AORN A. Cardarelli,1.342560709,1.420097017,1.223071167,-0.134671992
7_AORN Monaldi – Cotugno - C.T.O.,-0.243418856,-1.932525416,1.941903007,1.423845726
7_AORN San Giuseppe Moscati,-0.325420029,0.847489285,-0.656153374,-0.751585256
7_AORN Sant’Anna e San Sebastiano,-0.184064835,-0.408635984,0.149908024,1.034216297
7_AOU San Giovanni di Dio Ruggi di Aragona,-0.273375975,1.060848605,-0.924384146,1.034216297
7_Ospedale del mare,-0.35813572,-0.440378671,1.048360205,-0.134671992
7_PO Andrea Tortora di Pagani,-0.098591833,0.730611317,-0.748847122,-2.212695617
7_PO S. Maria delle Grazie,-0.29750419,0.170225639,-1.95394959,-0.751585256
7_PO San Luca di Vallo della Lucania,-0.225242123,-0.199620773,1.556831345,-0.654177899
80_AORN A. Cardarelli,-0.236543133,-0.213443842,-0.387509167,-0.134671992
81_AORN A. Cardarelli,0.006926131,0.053748576,-0.802982132,-0.134671992
82_AORN A. Cardarelli,-0.191009832,-0.368178987,0.512476889,-0.134671992
83_AORN A. Cardarelli,0.18805786,-0.304305544,-0.240180948,-0.134671992
84_AORN A. Cardarelli,-0.291162915,-0.140847987,-0.164190656,-0.134671992
8_AO San Pio,-0.224101296,-1.961986239,0.273228305,1.196561892
8_AORN A. Cardarelli,-0.205993916,1.88212231,-1.333193487,1.683598679
8_AORN Monaldi – Cotugno - C.T.O.,-0.282356125,0.133665107,1.085179844,-0.134671992
8_AORN San Giuseppe Moscati,-0.312904726,-0.186237259,-0.668060951,-1.238622043
8_AORN Sant’Anna e San Sebastiano,-0.181016555,-0.204369456,0.973037412,-1.504278473
8_AOU San Giovanni di Dio Ruggi di Aragona,-0.333016495,-1.359907027,1.552649598,-0.134671992
8_Ospedale del mare,-0.237693183,0.731100833,-0.905249784,-0.134671992
8_PO Andrea Tortora di Pagani,-0.268719021,0.232681932,1.171200006,-0.795861328
8_PO S. Maria delle Grazie,-0.325177991,0.783849381,-1.245055239,1.196561892
8_PO San Luca di Vallo della Lucania,-0.065168429,-0.02193136,0.094126976,-0.751585256
9_AO San Pio,-0.289669527,-1.188270505,-1.352876026,1.196561892
9_AORN Monaldi – Cotugno - C.T.O.,-0.238790321,2.085684141,-1.837240632,-0.264548469
9_AORN San Giuseppe Moscati,-0.311493384,0.392497419,0.952174926,-0.264548469
9_AORN Sant’Anna e San Sebastiano,-0.347213555,0.068942991,0.080624165,0.620972962
9_AOU San Giovanni di Dio Ruggi di Aragona,-0.330231561,-0.891995663,-0.398054883,-0.134671992
9_Ospedale del mare,-0.237560477,0.155283216,-0.160090975,-0.134671992
9_PO Andrea Tortora di Pagani,-0.226566716,0.026257208,-0.118085784,1.383883734
9_PO S. Maria delle Grazie,-0.280573628,0.65226232,-0.840255939,1.196561892
9_PO San Luca di Vallo della Lucania,-0.203488981,-0.669776281,1.851474812,-0.751585256
